hora,response,response_json
1,"Para determinar si la distribución de cargas de los UPFs (User Plane Functions) es ""OK"" o ""NOT OK"" basándonos en los valores proporcionados [0.91276434, 0.61369649, 0.76827998, 0.99420709, 0.81156171, 0.97002639], necesitamos un criterio de evaluación específico. Sin un umbral o rango de valores aceptables definido, no es posible hacer una evaluación precisa.

Sin embargo, si asumimos que estos valores representan la carga relativa de cada UPF y que el objetivo es mantener una carga balanceada, podemos observar lo siguiente:

1. Los valores están relativamente cerca unos de otros, lo que sugiere que no hay un desequilibrio extremo.
2. El valor más alto es 0.99420709 y el más bajo es 0.61369649, lo que indica una diferencia de aproximadamente 0.38 entre el UPF más cargado y el menos cargado.

Si el criterio de evaluación permite una diferencia de carga de hasta 0.38 entre UPFs, entonces la distribución podría considerarse ""OK"". Si el criterio es más estricto, podría considerarse ""NOT OK"".

En resumen, sin un criterio específico, no es posible determinar con certeza si la distribución es ""OK"" o ""NOT OK"". Se necesita más información sobre los umbrales de carga aceptables para los UPFs.","
{
  ""operation"": ""AsSessionWithQoS"",
  ""UPFs"": [
    {
      ""name"": ""UPF_1"",
      ""ip"": ""UPF_1_IP"",
      ""bandwidth"": ""273.82930263""
    },
    {
      ""name"": ""UPF_2"",
      ""ip"": ""UPF_2_IP"",
      ""bandwidth"": ""184.10894838""
    },
    {
      ""name"": ""UPF_3"",
      ""ip"": ""UPF_3_IP"",
      ""bandwidth"": ""107.55919728""
    },
    {
      ""name"": ""UPF_4"",
      ""ip"": ""UPF_4_IP"",
      ""bandwidth"": ""69.5944963""
    },
    {
      ""name"": ""UPF_5"",
      ""ip"": ""UPF_5_IP"",
      ""bandwidth"": ""113.6186389""
    },
    {
      ""name"": ""UPF_6"",
      ""ip"": ""UPF_6_IP"",
      ""bandwidth"": ""291.00791717""
    }
  ]
}
"
2,"Para determinar si la distribución de cargas de los UPFs (User Plane Functions) es ""OK"" o ""NOT OK"", necesitamos evaluar los valores proporcionados en el contexto de un criterio específico de balanceo de carga. Sin embargo, la información proporcionada no incluye un umbral o criterio específico para determinar si la distribución es adecuada.

Los valores dados son: [0.95905673, 0.93153872, 0.92062134, 0.18591074, 0.62246893, 0.93109092]. Estos parecen representar la carga o utilización de diferentes UPFs. Para que la distribución de carga sea considerada ""OK"", generalmente se espera que las cargas estén equilibradas, es decir, que no haya una gran disparidad entre ellas.

En este caso, uno de los valores (0.18591074) es significativamente más bajo que los demás, lo que indica un posible desequilibrio en la distribución de carga. Si el objetivo es tener una carga equilibrada entre los UPFs, entonces esta distribución podría considerarse ""NOT OK"" debido a la disparidad en la carga.

En resumen, sin un criterio específico, pero basándonos en la observación de equilibrio, la distribución de cargas parece ""NOT OK"" debido al valor significativamente más bajo en comparación con los otros.","
{
  ""operation"": ""AsSessionWithQoS"",
  ""UPFs"": [
    {
      ""name"": ""UPF_1"",
      ""ip"": ""UPF_1_IP"",
      ""bandwidth"": ""287.71701769""
    },
    {
      ""name"": ""UPF_2"",
      ""ip"": ""UPF_2_IP"",
      ""bandwidth"": ""279.46161737""
    },
    {
      ""name"": ""UPF_3"",
      ""ip"": ""UPF_3_IP"",
      ""bandwidth"": ""128.88698802""
    },
    {
      ""name"": ""UPF_4"",
      ""ip"": ""UPF_4_IP"",
      ""bandwidth"": ""13.01375176""
    },
    {
      ""name"": ""UPF_5"",
      ""ip"": ""UPF_5_IP"",
      ""bandwidth"": ""87.14565057""
    },
    {
      ""name"": ""UPF_6"",
      ""ip"": ""UPF_6_IP"",
      ""bandwidth"": ""279.3272758""
    }
  ]
}
"
3,"Para determinar si la distribución de cargas de los UPFs (User Plane Functions) es ""OK"" o ""NOT OK"", necesitamos entender qué representan los valores proporcionados: [0.89158987, 0.9547902, 0.28182, 0.95447076, 0.96321059, 0.85573632]. Estos valores parecen ser indicadores de carga o utilización de los UPFs.

1. **Interpretación de los valores**: 
   - Los valores están en un rango de 0 a 1, donde 1 podría representar el 100% de utilización.
   - Valores cercanos a 1 indican alta utilización, mientras que valores cercanos a 0 indican baja utilización.

2. **Análisis de la distribución**:
   - La mayoría de los valores están por encima de 0.85, lo que sugiere que esos UPFs están altamente cargados.
   - Un valor de 0.28182 indica que uno de los UPFs está significativamente menos cargado que los demás.

3. **Conclusión**:
   - La distribución de cargas no es uniforme. Un UPF está subutilizado mientras que los demás están cerca de su capacidad máxima.
   - Esto podría indicar un desequilibrio en la distribución de cargas, lo cual no es ideal para la eficiencia y puede llevar a problemas de rendimiento en los UPFs más cargados.

Por lo tanto, la distribución de cargas de los UPFs es ""NOT OK"" debido al desequilibrio en la carga, con un UPF subutilizado y otros operando cerca de su capacidad máxima. Es recomendable revisar la asignación de tráfico para equilibrar mejor las cargas entre los UPFs.","
{
  ""operation"": ""AsSessionWithQoS"",
  ""UPFs"": [
    {
      ""name"": ""UPF_1"",
      ""ip"": ""UPF_1_IP"",
      ""bandwidth"": ""267.47696199""
    },
    {
      ""name"": ""UPF_2"",
      ""ip"": ""UPF_2_IP"",
      ""bandwidth"": ""286.43706072""
    },
    {
      ""name"": ""UPF_3"",
      ""ip"": ""UPF_3_IP"",
      ""bandwidth"": ""39.45479998""
    },
    {
      ""name"": ""UPF_4"",
      ""ip"": ""UPF_4_IP"",
      ""bandwidth"": ""66.81295345""
    },
    {
      ""name"": ""UPF_5"",
      ""ip"": ""UPF_5_IP"",
      ""bandwidth"": ""134.84948217""
    },
    {
      ""name"": ""UPF_6"",
      ""ip"": ""UPF_6_IP"",
      ""bandwidth"": ""256.72089655""
    }
  ]
}
"
4,"Para determinar si la distribución de cargas de los UPFs (User Plane Functions) es ""OK"" o ""NOT OK"" basándonos en los valores proporcionados [0.88659472, 0.76153037, 0.91167262, 0.61818212, 0.77500693, 0.89883271], necesitamos un criterio de evaluación específico. Sin un umbral o rango de valores aceptables claramente definido, no es posible hacer una evaluación precisa.

Sin embargo, si asumimos que los valores representan una métrica de carga donde 1.0 es el máximo permitido, todos los valores están por debajo de 1.0, lo que podría indicar que la carga está dentro de los límites aceptables. En este caso, podríamos considerar la distribución de cargas como ""OK"".

Si hay un umbral específico que no debe superarse (por ejemplo, 0.9), entonces el valor 0.91167262 excede este umbral, lo que podría indicar un problema de sobrecarga en ese UPF específico, y en ese caso, la distribución de cargas sería ""NOT OK"".

En resumen, sin un criterio específico, la evaluación es ambigua. Si el umbral es 1.0, la distribución es ""OK"". Si el umbral es inferior a 0.91167262, entonces es ""NOT OK"".","
{
  ""operation"": ""AsSessionWithQoS"",
  ""UPFs"": [
    {
      ""name"": ""UPF_1"",
      ""ip"": ""UPF_1_IP"",
      ""bandwidth"": ""265.97841663""
    },
    {
      ""name"": ""UPF_2"",
      ""ip"": ""UPF_2_IP"",
      ""bandwidth"": ""228.45911136""
    },
    {
      ""name"": ""UPF_3"",
      ""ip"": ""UPF_3_IP"",
      ""bandwidth"": ""127.63416725""
    },
    {
      ""name"": ""UPF_4"",
      ""ip"": ""UPF_4_IP"",
      ""bandwidth"": ""43.27274869""
    },
    {
      ""name"": ""UPF_5"",
      ""ip"": ""UPF_5_IP"",
      ""bandwidth"": ""108.50097054""
    },
    {
      ""name"": ""UPF_6"",
      ""ip"": ""UPF_6_IP"",
      ""bandwidth"": ""269.6498119""
    }
  ]
}
"
5,"Para determinar si la distribución de cargas de los UPFs (User Plane Functions) es ""OK"" o ""NOT OK"" basándonos en los valores proporcionados [0.92057976, 0.90675788, 0.12401745, 0.6719473, 0.95015351, 0.88764786], necesitamos un criterio específico de evaluación que no se ha proporcionado en el texto. Sin embargo, puedo ofrecerte una guía general sobre cómo podrías evaluar estos valores:

1. **Uniformidad de la carga**: Idealmente, la carga debería estar distribuida de manera uniforme entre los UPFs para evitar sobrecargas en algunos y subutilización en otros. En este caso, hay un valor significativamente más bajo (0.12401745) en comparación con los demás, lo que sugiere una posible subutilización de ese UPF.

2. **Umbrales de carga**: Si existieran umbrales específicos que definieran cuándo un UPF está sobrecargado o subutilizado, podríamos compararlos con estos valores. Sin esos umbrales, es difícil hacer una evaluación precisa.

3. **Promedio y desviación estándar**: Calcular el promedio y la desviación estándar de estos valores podría proporcionar una idea de la variabilidad en la carga. Una alta desviación estándar indicaría una distribución desigual.

Dado que no se han proporcionado criterios específicos para evaluar estos valores, no puedo determinar de manera concluyente si la distribución de cargas es ""OK"" o ""NOT OK"". Sin embargo, la presencia de un valor significativamente más bajo podría ser una señal de alerta para revisar la distribución de cargas.","
{
  ""operation"": ""AsSessionWithQoS"",
  ""UPFs"": [
    {
      ""name"": ""UPF_1"",
      ""ip"": ""UPF_1_IP"",
      ""bandwidth"": ""276.17392924""
    },
    {
      ""name"": ""UPF_2"",
      ""ip"": ""UPF_2_IP"",
      ""bandwidth"": ""272.02736401""
    },
    {
      ""name"": ""UPF_3"",
      ""ip"": ""UPF_3_IP"",
      ""bandwidth"": ""17.36244322""
    },
    {
      ""name"": ""UPF_4"",
      ""ip"": ""UPF_4_IP"",
      ""bandwidth"": ""47.03631123""
    },
    {
      ""name"": ""UPF_5"",
      ""ip"": ""UPF_5_IP"",
      ""bandwidth"": ""133.02149199""
    },
    {
      ""name"": ""UPF_6"",
      ""ip"": ""UPF_6_IP"",
      ""bandwidth"": ""266.29435891""
    }
  ]
}
"
6,"Para determinar si la distribución de cargas de los UPFs (User Plane Functions) es ""OK"" o ""NOT OK"", necesitamos evaluar los valores proporcionados en el contexto de un umbral o criterio específico que defina qué se considera una distribución aceptable. Los valores que has proporcionado son:

\[0.85362074, 0.94309498, 0.82362333, 0.45555687, 0.77206242, 0.83047244\]

Sin un umbral específico o un criterio de balance de carga, es difícil hacer una evaluación precisa. Sin embargo, en un contexto general, podríamos considerar lo siguiente:

1. **Uniformidad**: Si buscamos una distribución uniforme, los valores deberían estar lo más cerca posible entre sí. En este caso, el valor 0.45555687 es significativamente menor que los demás, lo que podría indicar un desequilibrio.

2. **Umbral máximo**: Si existe un umbral máximo permitido (por ejemplo, 0.9), el valor 0.94309498 excede este umbral, lo que podría ser problemático.

3. **Umbral mínimo**: Si existe un umbral mínimo (por ejemplo, 0.5), el valor 0.45555687 estaría por debajo de este umbral.

Basado en estos puntos, si asumimos que buscamos una distribución uniforme y que no debe exceder un umbral máximo de 0.9, la distribución podría considerarse ""NOT OK"" debido al valor que excede el umbral y al desequilibrio evidente. Sin embargo, para una evaluación precisa, sería necesario conocer los criterios específicos de aceptación para la distribución de cargas de los UPFs en tu contexto particular.","
{
  ""operation"": ""AsSessionWithQoS"",
  ""UPFs"": [
    {
      ""name"": ""UPF_1"",
      ""ip"": ""UPF_1_IP"",
      ""bandwidth"": ""256.08622114""
    },
    {
      ""name"": ""UPF_2"",
      ""ip"": ""UPF_2_IP"",
      ""bandwidth"": ""282.92849292""
    },
    {
      ""name"": ""UPF_3"",
      ""ip"": ""UPF_3_IP"",
      ""bandwidth"": ""115.30726573""
    },
    {
      ""name"": ""UPF_4"",
      ""ip"": ""UPF_4_IP"",
      ""bandwidth"": ""31.8889812""
    },
    {
      ""name"": ""UPF_5"",
      ""ip"": ""UPF_5_IP"",
      ""bandwidth"": ""108.0887385""
    },
    {
      ""name"": ""UPF_6"",
      ""ip"": ""UPF_6_IP"",
      ""bandwidth"": ""249.14173266""
    }
  ]
}
"
7,"Para determinar si la distribución de cargas de los UPFs (User Plane Functions) es ""OK"" o ""NOT OK"" basándonos en los valores proporcionados [0.85498229, 0.84028021, 0.79319268, 0.9911704, 0.77940208, 0.89601895], necesitamos un criterio específico de evaluación que no está presente en la información proporcionada. Sin un umbral o estándar de referencia para comparar estos valores, no es posible determinar si la distribución es adecuada o no.

En general, para evaluar la distribución de cargas, se buscaría que los valores estén equilibrados y dentro de un rango aceptable de operación definido por el operador o las especificaciones técnicas relevantes. Si, por ejemplo, el umbral aceptable fuera que todas las cargas deben estar por debajo de 0.9, entonces el valor 0.9911704 indicaría una sobrecarga, y la distribución sería ""NOT OK"". Sin embargo, sin un contexto o criterio específico, no se puede hacer una evaluación precisa.

Por lo tanto, con la información proporcionada, no se puede concluir si la distribución de cargas es ""OK"" o ""NOT OK"".","
{
  ""operation"": ""AsSessionWithQoS"",
  ""UPFs"": [
    {
      ""name"": ""UPF_1"",
      ""ip"": ""UPF_1_IP"",
      ""bandwidth"": ""256.49468572""
    },
    {
      ""name"": ""UPF_2"",
      ""ip"": ""UPF_2_IP"",
      ""bandwidth"": ""252.0840635""
    },
    {
      ""name"": ""UPF_3"",
      ""ip"": ""UPF_3_IP"",
      ""bandwidth"": ""111.04697457""
    },
    {
      ""name"": ""UPF_4"",
      ""ip"": ""UPF_4_IP"",
      ""bandwidth"": ""69.38192828""
    },
    {
      ""name"": ""UPF_5"",
      ""ip"": ""UPF_5_IP"",
      ""bandwidth"": ""109.11629107""
    },
    {
      ""name"": ""UPF_6"",
      ""ip"": ""UPF_6_IP"",
      ""bandwidth"": ""268.80568621""
    }
  ]
}
"
8,"Para determinar si la distribución de cargas de los UPFs (User Plane Functions) es ""OK"" o ""NOT OK"" basándonos en los valores proporcionados [0.88619244, 0.83229609, 0.95049231, 0.61309141, 0.2581348, 0.96400626], necesitamos un criterio específico de evaluación que no está explícitamente mencionado en el texto proporcionado. Sin embargo, puedo ofrecerte una interpretación general:

1. **Uniformidad de la carga**: En un sistema ideal, la carga debería estar distribuida de manera uniforme entre los UPFs para evitar cuellos de botella y maximizar la eficiencia. Si los valores representan la carga de cada UPF, observamos que hay una variabilidad significativa, especialmente con el valor 0.2581348, que es considerablemente más bajo que los demás.

2. **Capacidad máxima**: Sin conocer la capacidad máxima o el umbral de carga aceptable para cada UPF, es difícil determinar si los valores más altos (como 0.95049231 y 0.96400626) están cerca de un límite crítico que podría llevar a la saturación.

3. **Balance de carga**: Si el objetivo es mantener un balance de carga equitativo, la diferencia entre el UPF con mayor carga (0.96400626) y el de menor carga (0.2581348) sugiere un desequilibrio significativo.

Basado en la variabilidad de los valores y la falta de un criterio específico de evaluación, la distribución de cargas parece ""NOT OK"" debido al desequilibrio evidente. Para una evaluación más precisa, se necesitarían criterios adicionales, como el umbral de carga máxima aceptable y el objetivo de balance de carga.","
{
  ""operation"": ""AsSessionWithQoS"",
  ""UPFs"": [
    {
      ""name"": ""UPF_1"",
      ""ip"": ""UPF_1_IP"",
      ""bandwidth"": ""265.85773051""
    },
    {
      ""name"": ""UPF_2"",
      ""ip"": ""UPF_2_IP"",
      ""bandwidth"": ""249.68882591""
    },
    {
      ""name"": ""UPF_3"",
      ""ip"": ""UPF_3_IP"",
      ""bandwidth"": ""133.06892344""
    },
    {
      ""name"": ""UPF_4"",
      ""ip"": ""UPF_4_IP"",
      ""bandwidth"": ""42.9163984""
    },
    {
      ""name"": ""UPF_5"",
      ""ip"": ""UPF_5_IP"",
      ""bandwidth"": ""36.13887184""
    },
    {
      ""name"": ""UPF_6"",
      ""ip"": ""UPF_6_IP"",
      ""bandwidth"": ""289.2018769""
    }
  ]
}
"
9,"Para determinar si la distribución de cargas de los UPFs (User Plane Functions) es ""OK"" o ""NOT OK"" basándonos en los valores proporcionados [0.76955077, 0.76901398, 0.93432293, 0.66401573, 0.79746091, 0.89156853], necesitamos un criterio de evaluación específico, que no se ha proporcionado en el texto. Sin embargo, puedo ofrecerte una guía general sobre cómo podrías evaluar estos valores:

1. **Uniformidad de Carga**: Si el objetivo es tener una distribución de carga uniforme entre los UPFs, los valores deberían estar lo más cerca posible entre sí. En este caso, los valores varían desde aproximadamente 0.664 hasta 0.934, lo que indica cierta variabilidad.

2. **Umbrales de Carga**: Si existe un umbral máximo permitido para la carga de los UPFs (por ejemplo, 1.0 o cualquier otro valor específico), todos los valores deberían estar por debajo de ese umbral. En este caso, todos los valores están por debajo de 1.0.

3. **Desviación Estándar**: Una baja desviación estándar entre los valores indicaría una distribución de carga más equilibrada.

Sin un criterio específico o umbral definido, no puedo determinar con certeza si la distribución es ""OK"" o ""NOT OK"". Sin embargo, basándome en la uniformidad relativa y el hecho de que todos los valores están por debajo de 1.0, podría inferirse que la distribución es razonablemente equilibrada, pero esto es una suposición y no una evaluación definitiva. Para una evaluación precisa, se necesitaría más información sobre los criterios de carga aceptables para los UPFs en tu contexto específico.","
{
  ""operation"": ""AsSessionWithQoS"",
  ""UPFs"": [
    {
      ""name"": ""UPF_1"",
      ""ip"": ""UPF_1_IP"",
      ""bandwidth"": ""230.86522955""
    },
    {
      ""name"": ""UPF_2"",
      ""ip"": ""UPF_2_IP"",
      ""bandwidth"": ""230.70419365""
    },
    {
      ""name"": ""UPF_3"",
      ""ip"": ""UPF_3_IP"",
      ""bandwidth"": ""130.80521071""
    },
    {
      ""name"": ""UPF_4"",
      ""ip"": ""UPF_4_IP"",
      ""bandwidth"": ""46.48110113""
    },
    {
      ""name"": ""UPF_5"",
      ""ip"": ""UPF_5_IP"",
      ""bandwidth"": ""111.6445271""
    },
    {
      ""name"": ""UPF_6"",
      ""ip"": ""UPF_6_IP"",
      ""bandwidth"": ""267.47055752""
    }
  ]
}
"
10,"Para determinar si la distribución de cargas de los UPFs (User Plane Functions) es ""OK"" o ""NOT OK"" basándonos en los valores proporcionados [0.98412562, 0.92617671, 0.67560918, 0.43252673, 0.69196334, 0.75267222], necesitamos un criterio de evaluación específico que no se ha proporcionado en el texto. Sin embargo, puedo ofrecerte una guía general sobre cómo podrías evaluar estos valores:

1. **Equilibrio de Carga**: Idealmente, en una red bien equilibrada, las cargas deberían estar distribuidas de manera uniforme entre los UPFs. Si los valores están muy cerca unos de otros, podría considerarse ""OK"". En este caso, hay una variación significativa entre el valor más alto (0.9841) y el más bajo (0.4325), lo que podría indicar un desequilibrio.

2. **Umbrales de Carga**: Si hay umbrales específicos que determinan cuándo una carga es demasiado alta o demasiado baja, estos valores deberían compararse con esos umbrales. Sin umbrales específicos, no podemos determinar con certeza si los valores son ""OK"" o ""NOT OK"".

3. **Capacidad Máxima**: Si los valores representan un porcentaje de utilización de la capacidad máxima, entonces valores cercanos a 1 (o 100%) podrían indicar que los UPFs están cerca de su límite de capacidad, lo cual podría ser ""NOT OK"" si no hay margen para manejar picos de tráfico.

Dado que no se proporcionan criterios específicos en el texto, no puedo determinar de manera concluyente si la distribución de cargas es ""OK"" o ""NOT OK"". Sin embargo, basándome en la variación de los valores, podría haber un potencial desequilibrio que debería investigarse más a fondo.","
{
  ""operation"": ""AsSessionWithQoS"",
  ""UPFs"": [
    {
      ""name"": ""UPF_1"",
      ""ip"": ""UPF_1_IP"",
      ""bandwidth"": ""295.23768504""
    },
    {
      ""name"": ""UPF_2"",
      ""ip"": ""UPF_2_IP"",
      ""bandwidth"": ""277.85301228""
    },
    {
      ""name"": ""UPF_3"",
      ""ip"": ""UPF_3_IP"",
      ""bandwidth"": ""94.58528474""
    },
    {
      ""name"": ""UPF_4"",
      ""ip"": ""UPF_4_IP"",
      ""bandwidth"": ""30.27687099""
    },
    {
      ""name"": ""UPF_5"",
      ""ip"": ""UPF_5_IP"",
      ""bandwidth"": ""96.87486762""
    },
    {
      ""name"": ""UPF_6"",
      ""ip"": ""UPF_6_IP"",
      ""bandwidth"": ""225.8016654""
    }
  ]
}
"
11,"Para determinar si la distribución de cargas de los UPFs (User Plane Functions) es ""OK"" o ""NOT OK"" basándonos en los valores proporcionados [0.95994097, 0.97250384, 0.89006318, 0.23184864, 0.8449217, 0.88865175], necesitamos un criterio de evaluación claro. Sin un umbral específico o un rango de valores aceptables, es difícil hacer una evaluación precisa.

Sin embargo, en un contexto general de balanceo de carga, se busca que las cargas estén distribuidas de manera uniforme entre los UPFs para evitar sobrecargas en algunos y subutilización en otros. Observando los valores:

1. La mayoría de los valores están por encima de 0.8, lo que indica una alta utilización.
2. Un valor es significativamente más bajo (0.23184864), lo que sugiere que uno de los UPFs está subutilizado.

Basado en esta observación, la distribución de cargas parece desequilibrada, ya que un UPF está subutilizado mientras que otros están cerca de su capacidad máxima. Por lo tanto, la distribución de cargas de los UPFs sería ""NOT OK"" si el objetivo es mantener una utilización equilibrada entre ellos.","
{
  ""operation"": ""AsSessionWithQoS"",
  ""UPFs"": [
    {
      ""name"": ""UPF_1"",
      ""ip"": ""UPF_1_IP"",
      ""bandwidth"": 287.98228987
    },
    {
      ""name"": ""UPF_2"",
      ""ip"": ""UPF_2_IP"",
      ""bandwidth"": 291.75115286
    },
    {
      ""name"": ""UPF_3"",
      ""ip"": ""UPF_3_IP"",
      ""bandwidth"": 124.6088445
    },
    {
      ""name"": ""UPF_4"",
      ""ip"": ""UPF_4_IP"",
      ""bandwidth"": 16.22940471
    },
    {
      ""name"": ""UPF_5"",
      ""ip"": ""UPF_5_IP"",
      ""bandwidth"": 118.28903793
    },
    {
      ""name"": ""UPF_6"",
      ""ip"": ""UPF_6_IP"",
      ""bandwidth"": 266.59552553
    }
  ]
}
"
12,"Para determinar si la distribución de cargas de los UPFs (User Plane Functions) es ""OK"" o ""NOT OK"" basándonos en los valores proporcionados [0.95188023, 0.88170312, 0.44641454, 0.57048808, 0.94574871, 0.96031805], necesitamos un criterio de evaluación claro. Sin embargo, no se ha proporcionado un umbral específico o criterio de evaluación en el texto que has compartido.

En general, para evaluar la distribución de cargas, se suele considerar que una carga equilibrada es aquella donde los valores están distribuidos de manera uniforme y no superan un umbral crítico que podría indicar sobrecarga. Si asumimos que el valor máximo permitido es 1 (lo cual es común en muchas métricas de carga), entonces:

- Los valores 0.95188023, 0.94574871 y 0.96031805 están muy cerca de 1, lo que podría indicar que estos UPFs están cerca de su capacidad máxima.
- Los valores 0.88170312, 0.44641454 y 0.57048808 están por debajo de 1, lo que sugiere que estos UPFs no están sobrecargados.

Si el criterio es mantener todos los UPFs por debajo de un cierto umbral (por ejemplo, 0.9), entonces los valores cercanos a 1 podrían ser preocupantes. Sin embargo, si no se ha definido un umbral específico, no podemos concluir definitivamente si la distribución es ""OK"" o ""NOT OK"".

En resumen, sin un criterio específico, no se puede determinar con certeza si la distribución de cargas es adecuada. Se necesitaría más información sobre los umbrales aceptables para los UPFs en este contexto específico.","
{
  ""operation"": ""AsSessionWithQoS"",
  ""UPFs"": [
    {
      ""name"": ""UPF_1"",
      ""ip"": ""UPF_1_IP"",
      ""bandwidth"": ""285.56406803""
    },
    {
      ""name"": ""UPF_2"",
      ""ip"": ""UPF_2_IP"",
      ""bandwidth"": ""264.51093655""
    },
    {
      ""name"": ""UPF_3"",
      ""ip"": ""UPF_3_IP"",
      ""bandwidth"": ""62.49803574""
    },
    {
      ""name"": ""UPF_4"",
      ""ip"": ""UPF_4_IP"",
      ""bandwidth"": ""39.93416591""
    },
    {
      ""name"": ""UPF_5"",
      ""ip"": ""UPF_5_IP"",
      ""bandwidth"": ""132.40481916""
    },
    {
      ""name"": ""UPF_6"",
      ""ip"": ""UPF_6_IP"",
      ""bandwidth"": ""288.09541417""
    }
  ]
}
"
13,"Para determinar si la distribución de cargas de los UPFs (User Plane Functions) es ""OK"" o ""NOT OK"", necesitamos evaluar los valores proporcionados: [0.83468898, 0.87987212, 0.29293628, 0.77924373, 0.95804162, 0.98801098]. Estos valores parecen representar la carga o utilización de cada UPF en un sistema.

Para que la distribución de cargas sea considerada ""OK"", generalmente se busca que las cargas estén equilibradas y dentro de un rango aceptable para evitar sobrecargas en cualquier UPF individual. Sin embargo, sin un umbral específico o criterio de balance proporcionado, podemos hacer algunas observaciones generales:

1. **Equilibrio**: Los valores de carga deberían estar relativamente equilibrados. En este caso, hay un valor significativamente más bajo (0.29293628) en comparación con los otros, lo que indica un posible desequilibrio.

2. **Umbral de carga**: Si asumimos que un valor cercano a 1 indica una carga máxima, entonces los valores 0.95804162 y 0.98801098 están muy cerca de la capacidad máxima, lo que podría ser preocupante si no hay margen para picos de carga.

Basado en estas observaciones, la distribución de cargas parece tener problemas de equilibrio y algunos UPFs están cerca de su capacidad máxima. Por lo tanto, sin más información sobre los umbrales específicos, la distribución de cargas podría considerarse ""NOT OK"".","
{
  ""operation"": ""AsSessionWithQoS"",
  ""UPFs"": [
    {
      ""name"": ""UPF_1"",
      ""ip"": ""UPF_1_IP"",
      ""bandwidth"": ""250.40669434""
    },
    {
      ""name"": ""UPF_2"",
      ""ip"": ""UPF_2_IP"",
      ""bandwidth"": ""263.96163515""
    },
    {
      ""name"": ""UPF_3"",
      ""ip"": ""UPF_3_IP"",
      ""bandwidth"": ""41.01107892""
    },
    {
      ""name"": ""UPF_4"",
      ""ip"": ""UPF_4_IP"",
      ""bandwidth"": ""54.54706112""
    },
    {
      ""name"": ""UPF_5"",
      ""ip"": ""UPF_5_IP"",
      ""bandwidth"": ""134.12582746""
    },
    {
      ""name"": ""UPF_6"",
      ""ip"": ""UPF_6_IP"",
      ""bandwidth"": ""296.40329292""
    }
  ]
}
"
14,"Para determinar si la distribución de cargas de los UPFs (User Plane Functions) es ""OK"" o ""NOT OK"", necesitamos un criterio específico o un umbral de referencia que nos indique qué valores son aceptables. Los números proporcionados [0.82365132, 0.97231519, 0.77124903, 0.62940996, 0.40235064, 0.9162075] parecen representar algún tipo de carga o utilización, pero sin un contexto adicional sobre cuál es el límite superior aceptable para estas cargas, no podemos hacer una evaluación precisa.

Sin embargo, si asumimos que los valores deben estar por debajo de un cierto umbral (por ejemplo, 1.0 o 100% de utilización), entonces todos los valores proporcionados están por debajo de 1.0, lo que indicaría que la distribución de cargas es ""OK"". Si el umbral fuera más bajo, por ejemplo, 0.8, entonces algunos valores superarían este límite, y la distribución sería ""NOT OK"".

En resumen, sin un umbral específico, no podemos determinar con certeza si la distribución es ""OK"" o ""NOT OK"". Necesitamos más información sobre los criterios de aceptación para hacer una evaluación adecuada.","
{
  ""operation"": ""AsSessionWithQoS"",
  ""UPFs"": [
    {
      ""name"": ""UPF_1"",
      ""ip"": ""UPF_1_IP"",
      ""bandwidth"": ""247.09539625""
    },
    {
      ""name"": ""UPF_2"",
      ""ip"": ""UPF_2_IP"",
      ""bandwidth"": ""291.69455773""
    },
    {
      ""name"": ""UPF_3"",
      ""ip"": ""UPF_3_IP"",
      ""bandwidth"": ""107.97486466""
    },
    {
      ""name"": ""UPF_4"",
      ""ip"": ""UPF_4_IP"",
      ""bandwidth"": ""44.05869703""
    },
    {
      ""name"": ""UPF_5"",
      ""ip"": ""UPF_5_IP"",
      ""bandwidth"": ""56.32908901""
    },
    {
      ""name"": ""UPF_6"",
      ""ip"": ""UPF_6_IP"",
      ""bandwidth"": ""274.862251""
    }
  ]
}
"
15,"Para determinar si la distribución de cargas de los UPFs (User Plane Functions) es ""OK"" o ""NOT OK"", necesitaríamos un criterio específico o un umbral de referencia para evaluar los valores proporcionados. Los números que has dado parecen ser métricas o indicadores de rendimiento, pero sin un contexto claro sobre qué representan exactamente (por ejemplo, carga de CPU, latencia, uso de memoria, etc.) y sin un umbral de comparación, no es posible hacer una evaluación precisa.

Sin embargo, si asumimos que estos valores son porcentajes de utilización de recursos y que el umbral para considerar una carga como ""OK"" es, por ejemplo, menos del 80%, entonces algunos de estos valores (como 0.95021401, 0.9695392, y 0.9620962) estarían por encima de ese umbral y podrían considerarse ""NOT OK"". Por otro lado, si el umbral es más alto, como el 95%, entonces solo el valor 0.9695392 estaría ""NOT OK"".

En resumen, sin un criterio específico, no se puede determinar con certeza si la distribución de cargas es ""OK"" o ""NOT OK"". Necesitaríamos más información sobre los umbrales aceptables para estas métricas.","
{
  ""operation"": ""AsSessionWithQoS"",
  ""UPFs"": [
    {
      ""name"": ""UPF_1"",
      ""ip"": ""UPF_1_IP"",
      ""bandwidth"": ""196.61846387""
    },
    {
      ""name"": ""UPF_2"",
      ""ip"": ""UPF_2_IP"",
      ""bandwidth"": ""267.96493867""
    },
    {
      ""name"": ""UPF_3"",
      ""ip"": ""UPF_3_IP"",
      ""bandwidth"": ""133.02996204""
    },
    {
      ""name"": ""UPF_4"",
      ""ip"": ""UPF_4_IP"",
      ""bandwidth"": ""36.90140347""
    },
    {
      ""name"": ""UPF_5"",
      ""ip"": ""UPF_5_IP"",
      ""bandwidth"": ""135.73548756""
    },
    {
      ""name"": ""UPF_6"",
      ""ip"": ""UPF_6_IP"",
      ""bandwidth"": ""288.62885916""
    }
  ]
}
"
16,"Para determinar si la distribución de cargas de los UPFs (User Plane Functions) es ""OK"" o ""NOT OK"", necesitamos evaluar los valores proporcionados en el contexto de los requisitos de calidad o umbrales específicos que se aplican a la carga de los UPFs. Sin embargo, los valores que has proporcionado [0.86507414, 0.87300295, 0.7979582, 0.58941707, 0.64533167, 0.90572622] parecen ser métricas de rendimiento o utilización, pero no se ha especificado un umbral o criterio de aceptación en el texto proporcionado.

En general, si estos valores representan la utilización de los UPFs y asumimos que el umbral de carga aceptable es, por ejemplo, 0.8 (80%), entonces:

- Los valores 0.86507414, 0.87300295, y 0.90572622 exceden el umbral del 80%, lo que podría indicar una sobrecarga.
- Los valores 0.7979582, 0.58941707, y 0.64533167 están por debajo del umbral del 80%, lo que sugiere que están dentro de un rango aceptable.

Por lo tanto, si el umbral asumido es correcto, la distribución de cargas de los UPFs sería ""NOT OK"" debido a que algunos valores exceden el umbral del 80%. Sin embargo, para una evaluación precisa, se necesitaría conocer el umbral específico aplicable a esta situación.","
{
  ""operation"": ""AsSessionWithQoS"",
  ""UPFs"": [
    {
      ""name"": ""UPF_1"",
      ""ip"": ""UPF_1_IP"",
      ""bandwidth"": ""259.52224199""
    },
    {
      ""name"": ""UPF_2"",
      ""ip"": ""UPF_2_IP"",
      ""bandwidth"": ""261.90088464""
    },
    {
      ""name"": ""UPF_3"",
      ""ip"": ""UPF_3_IP"",
      ""bandwidth"": ""111.71414756""
    },
    {
      ""name"": ""UPF_4"",
      ""ip"": ""UPF_4_IP"",
      ""bandwidth"": ""41.25919509""
    },
    {
      ""name"": ""UPF_5"",
      ""ip"": ""UPF_5_IP"",
      ""bandwidth"": ""90.34643377""
    },
    {
      ""name"": ""UPF_6"",
      ""ip"": ""UPF_6_IP"",
      ""bandwidth"": ""271.7178654""
    }
  ]
}
"
17,"Para determinar si la distribución de cargas de los UPFs (User Plane Functions) es ""OK"" o ""NOT OK"" basándonos en los valores proporcionados [0.95802004, 0.94710844, 0.89670087, 0.82955519, 0.86305226, 0.92113042], necesitamos establecer un criterio de evaluación. Sin un umbral específico o un rango de valores aceptables definido en el contexto, es difícil hacer una evaluación precisa. Sin embargo, puedo ofrecerte una evaluación general:

1. **Uniformidad de la carga**: Los valores parecen estar relativamente cercanos entre sí, lo que sugiere una distribución de carga bastante uniforme entre los UPFs. La diferencia entre el valor más alto (0.95802004) y el más bajo (0.82955519) no es excesiva.

2. **Cercanía al máximo**: Si consideramos que el valor máximo teórico es 1 (lo cual es común en muchas métricas de carga), todos los valores están bastante cerca de este máximo, lo que podría indicar que los UPFs están operando cerca de su capacidad máxima.

3. **Evaluación general**: Sin un umbral específico, pero considerando la uniformidad y la cercanía al máximo, la distribución de cargas parece ""OK"". Sin embargo, si el sistema tiene un umbral específico para considerar una carga como aceptable (por ejemplo, no superar el 90% de capacidad), entonces algunos valores podrían ser ""NOT OK"".

En resumen, basándome únicamente en los valores proporcionados y sin un contexto adicional sobre los umbrales aceptables, la distribución de cargas parece ""OK"". Sin embargo, es importante verificar con los criterios específicos de la red o sistema en cuestión.","
{
  ""operation"": ""AsSessionWithQoS"",
  ""UPFs"": [
    {
      ""name"": ""UPF_1"",
      ""ip"": ""UPF_1_IP"",
      ""bandwidth"": ""287.40601062""
    },
    {
      ""name"": ""UPF_2"",
      ""ip"": ""UPF_2_IP"",
      ""bandwidth"": ""284.13253343""
    },
    {
      ""name"": ""UPF_3"",
      ""ip"": ""UPF_3_IP"",
      ""bandwidth"": ""125.53812199""
    },
    {
      ""name"": ""UPF_4"",
      ""ip"": ""UPF_4_IP"",
      ""bandwidth"": ""58.06886297""
    },
    {
      ""name"": ""UPF_5"",
      ""ip"": ""UPF_5_IP"",
      ""bandwidth"": ""120.82731695""
    },
    {
      ""name"": ""UPF_6"",
      ""ip"": ""UPF_6_IP"",
      ""bandwidth"": ""276.33912723""
    }
  ]
}
"
18,"Para determinar si la distribución de cargas de los UPFs (User Plane Functions) es ""OK"" o ""NOT OK"" basándonos en los valores proporcionados [0.93259592, 0.81798794, 0.45617792, 0.759144, 0.9953461, 0.69553032], necesitamos un criterio de evaluación claro, que no se ha especificado en el texto proporcionado. Sin un umbral específico o un rango de valores aceptables, es imposible hacer una evaluación precisa.

Sin embargo, si asumimos que los valores representan la carga relativa de cada UPF y que un valor cercano a 1 indica una carga alta mientras que un valor cercano a 0 indica una carga baja, podríamos considerar que:

- Valores cercanos a 1 (como 0.9953461 y 0.93259592) podrían indicar que esos UPFs están cerca de su capacidad máxima, lo cual podría ser un problema si no hay margen para manejar picos de tráfico adicionales.
- Valores más bajos (como 0.45617792) podrían indicar que esos UPFs tienen capacidad disponible.

En general, una distribución de carga equilibrada sería ideal para evitar sobrecargar ciertos UPFs mientras otros están infrautilizados. Sin embargo, sin un criterio específico o un contexto adicional sobre la capacidad máxima de los UPFs, no se puede determinar de manera concluyente si la distribución es ""OK"" o ""NOT OK"". Sería necesario más contexto o un umbral de carga aceptable para hacer una evaluación precisa.","
{
  ""operation"": ""AsSessionWithQoS"",
  ""UPFs"": [
    {
      ""name"": ""UPF_1"",
      ""ip"": ""UPF_1_IP"",
      ""bandwidth"": 279.77877617
    },
    {
      ""name"": ""UPF_2"",
      ""ip"": ""UPF_2_IP"",
      ""bandwidth"": 245.3963816
    },
    {
      ""name"": ""UPF_3"",
      ""ip"": ""UPF_3_IP"",
      ""bandwidth"": 63.86490878
    },
    {
      ""name"": ""UPF_4"",
      ""ip"": ""UPF_4_IP"",
      ""bandwidth"": 53.14008024
    },
    {
      ""name"": ""UPF_5"",
      ""ip"": ""UPF_5_IP"",
      ""bandwidth"": 139.34845435
    },
    {
      ""name"": ""UPF_6"",
      ""ip"": ""UPF_6_IP"",
      ""bandwidth"": 208.65909721
    }
  ]
}
"
19,"Para determinar si la distribución de cargas de los UPFs (User Plane Functions) es ""OK"" o ""NOT OK"", necesitamos evaluar los valores proporcionados en el contexto de un umbral o criterio específico que defina qué se considera una distribución aceptable. Los valores que has proporcionado son:

\[0.87179683, 0.92081851, 0.82076723, 0.59255134, 0.83963658, 0.96976098\]

Sin un umbral específico o criterio de balanceo de carga, es difícil hacer una evaluación precisa. Sin embargo, en términos generales, si estos valores representan la carga de cada UPF y están en una escala de 0 a 1 (donde 1 es la carga máxima), podemos hacer algunas observaciones:

1. **Uniformidad**: Los valores son relativamente cercanos entre sí, excepto por el valor 0.59255134, que es notablemente más bajo que los demás. Esto podría indicar un desequilibrio en la carga.

2. **Cercanía al máximo**: Los valores 0.92081851 y 0.96976098 están bastante cerca de 1, lo que podría indicar que esos UPFs están cerca de su capacidad máxima.

3. **Evaluación general**: Si consideramos que una buena distribución de carga debería ser uniforme y evitar que cualquier UPF esté demasiado cerca de su capacidad máxima, podríamos decir que la distribución actual tiene margen de mejora debido al desequilibrio y la alta carga en algunos UPFs.

En ausencia de un criterio específico, mi evaluación sería que la distribución es ""NOT OK"" debido al desequilibrio y la alta carga en algunos UPFs. Sin embargo, para una evaluación definitiva, sería necesario conocer los umbrales específicos de carga aceptable para tu sistema.","
{
  ""operation"": ""AsSessionWithQoS"",
  ""UPFs"": [
    {
      ""name"": ""UPF_1"",
      ""ip"": ""UPF_1_IP"",
      ""bandwidth"": ""261.53904834""
    },
    {
      ""name"": ""UPF_2"",
      ""ip"": ""UPF_2_IP"",
      ""bandwidth"": ""276.24555372""
    },
    {
      ""name"": ""UPF_3"",
      ""ip"": ""UPF_3_IP"",
      ""bandwidth"": ""114.90741264""
    },
    {
      ""name"": ""UPF_4"",
      ""ip"": ""UPF_4_IP"",
      ""bandwidth"": ""41.47859398""
    },
    {
      ""name"": ""UPF_5"",
      ""ip"": ""UPF_5_IP"",
      ""bandwidth"": ""117.54912172""
    },
    {
      ""name"": ""UPF_6"",
      ""ip"": ""UPF_6_IP"",
      ""bandwidth"": ""290.92829512""
    }
  ]
}
"
20,"Para determinar si la distribución de cargas de los UPFs (User Plane Functions) es ""OK"" o ""NOT OK"" basándonos en los valores proporcionados [0.75460589, 0.98884997, 0.74812735, 0.69472835, 0.89524152, 0.80573253], necesitamos un criterio de evaluación claro. Sin un umbral específico o un rango de valores aceptables para la carga de los UPFs, es difícil hacer una evaluación precisa.

Sin embargo, si asumimos que los valores representan la carga de cada UPF y que el objetivo es mantener una carga equilibrada y por debajo de un cierto umbral (por ejemplo, 1.0 como carga máxima), podemos hacer algunas observaciones:

1. Todos los valores están por debajo de 1.0, lo que sugiere que ninguno de los UPFs está sobrecargado.
2. La carga más alta es 0.98884997, que está muy cerca de 1.0, lo que podría ser un punto de preocupación si el umbral máximo es 1.0.
3. Las cargas parecen estar distribuidas de manera relativamente uniforme, aunque hay cierta variabilidad.

En resumen, si el umbral máximo permitido es 1.0 y se busca una distribución equilibrada, la distribución de cargas parece estar ""OK"", pero se debe monitorear el UPF con la carga de 0.98884997 para evitar que supere el umbral. Sin embargo, si hay un umbral más estricto o se requiere una distribución más uniforme, podría considerarse ""NOT OK"".","
{
  ""operation"": ""AsSessionWithQoS"",
  ""UPFs"": [
    {
      ""name"": ""UPF_1"",
      ""ip"": ""UPF_1_IP"",
      ""bandwidth"": ""226.38176716""
    },
    {
      ""name"": ""UPF_2"",
      ""ip"": ""UPF_2_IP"",
      ""bandwidth"": ""296.65499241""
    },
    {
      ""name"": ""UPF_3"",
      ""ip"": ""UPF_3_IP"",
      ""bandwidth"": ""104.73782876""
    },
    {
      ""name"": ""UPF_4"",
      ""ip"": ""UPF_4_IP"",
      ""bandwidth"": ""48.63098463""
    },
    {
      ""name"": ""UPF_5"",
      ""ip"": ""UPF_5_IP"",
      ""bandwidth"": ""125.33381257""
    },
    {
      ""name"": ""UPF_6"",
      ""ip"": ""UPF_6_IP"",
      ""bandwidth"": ""241.71976022""
    }
  ]
}
"
21,"Para determinar si la distribución de cargas de los UPFs (User Plane Functions) es ""OK"" o ""NOT OK"" basándonos en los valores proporcionados [0.97397428, 0.75883759, 0.3338134, 0.84738272, 0.6766072, 0.97144707], necesitamos un criterio específico de evaluación que no se ha proporcionado en el texto. Sin embargo, puedo ofrecerte una guía general sobre cómo podrías evaluar estos valores:

1. **Uniformidad de la carga**: Si el objetivo es tener una distribución uniforme de la carga entre los UPFs, entonces los valores deberían ser lo más cercanos posible entre sí. En este caso, hay una variabilidad significativa entre los valores, especialmente el 0.3338134, que es considerablemente más bajo que los demás.

2. **Capacidad máxima**: Si existe un umbral máximo que no debe ser superado (por ejemplo, 1.0), entonces todos los valores están por debajo de este umbral, lo cual es bueno.

3. **Balance de carga**: Si el objetivo es mantener la carga por debajo de un cierto porcentaje para evitar sobrecargas, entonces deberías comparar estos valores con ese umbral específico.

Sin un criterio específico, es difícil dar una respuesta definitiva. Sin embargo, basándome en la variabilidad observada, podría sugerir que la distribución no es completamente uniforme, lo que podría ser un problema si la uniformidad es un objetivo. Por lo tanto, preliminarmente, podría considerarse ""NOT OK"" si la uniformidad es crítica. Si la uniformidad no es un requisito y todos los valores están dentro de los límites aceptables de carga, entonces podría ser ""OK"".","
{
  ""operation"": ""AsSessionWithQoS"",
  ""UPFs"": [
    {
      ""name"": ""UPF_1"",
      ""ip"": ""UPF_1_IP"",
      ""bandwidth"": ""292.19228548""
    },
    {
      ""name"": ""UPF_2"",
      ""ip"": ""UPF_2_IP"",
      ""bandwidth"": ""227.65127712""
    },
    {
      ""name"": ""UPF_3"",
      ""ip"": ""UPF_3_IP"",
      ""bandwidth"": ""46.73387628""
    },
    {
      ""name"": ""UPF_4"",
      ""ip"": ""UPF_4_IP"",
      ""bandwidth"": ""59.31679074""
    },
    {
      ""name"": ""UPF_5"",
      ""ip"": ""UPF_5_IP"",
      ""bandwidth"": ""94.7250086""
    },
    {
      ""name"": ""UPF_6"",
      ""ip"": ""UPF_6_IP"",
      ""bandwidth"": ""291.43412189""
    }
  ]
}
"
22,"Para determinar si la distribución de cargas de los UPFs (User Plane Functions) es ""OK"" o ""NOT OK"" basándonos en los valores proporcionados [0.97964793, 0.94332711, 0.85780514, 0.31125808, 0.59875522, 0.82568522], debemos considerar algunos aspectos clave:

1. **Equilibrio de Carga**: Idealmente, la carga debería estar distribuida de manera uniforme entre los UPFs para evitar sobrecargas en algunos nodos mientras otros están infrautilizados.

2. **Umbral de Carga**: Aunque no se especifica un umbral exacto en la información proporcionada, generalmente se considera que una carga por encima de 0.8 (o 80%) puede ser un indicativo de sobrecarga, dependiendo de la capacidad y configuración del sistema.

Analizando los valores:

- Tres de los UPFs tienen cargas superiores a 0.8: 0.97964793, 0.94332711, y 0.85780514. Esto sugiere que estos UPFs están cerca de su capacidad máxima, lo cual podría ser problemático si la carga aumenta repentinamente.
- Uno de los UPFs tiene una carga significativamente baja: 0.31125808. Esto indica que hay un desequilibrio en la distribución de la carga.
- Los otros dos UPFs tienen cargas moderadas: 0.59875522 y 0.82568522.

**Conclusión**: La distribución de cargas de los UPFs es ""NOT OK"" debido al desequilibrio evidente y la alta carga en varios UPFs. Sería recomendable revisar la configuración de distribución de carga para asegurar un uso más equilibrado y eficiente de los recursos.","
{
  ""operation"": ""AsSessionWithQoS"",
  ""UPFs"": [
    {
      ""name"": ""UPF_1"",
      ""ip"": ""UPF_1_IP"",
      ""bandwidth"": ""293.89438002""
    },
    {
      ""name"": ""UPF_2"",
      ""ip"": ""UPF_2_IP"",
      ""bandwidth"": ""282.99813352""
    },
    {
      ""name"": ""UPF_3"",
      ""ip"": ""UPF_3_IP"",
      ""bandwidth"": ""120.09271965""
    },
    {
      ""name"": ""UPF_4"",
      ""ip"": ""UPF_4_IP"",
      ""bandwidth"": ""21.78806537""
    },
    {
      ""name"": ""UPF_5"",
      ""ip"": ""UPF_5_IP"",
      ""bandwidth"": ""83.82573123""
    },
    {
      ""name"": ""UPF_6"",
      ""ip"": ""UPF_6_IP"",
      ""bandwidth"": ""247.70556574""
    }
  ]
}
"
23,"Para determinar si la distribución de cargas de los UPFs (User Plane Functions) es ""OK"" o ""NOT OK"", necesitamos un criterio específico o umbral que defina qué valores son aceptables. Los números proporcionados parecen ser métricas de carga o rendimiento, pero sin un contexto claro sobre qué representan exactamente (por ejemplo, porcentaje de uso de CPU, latencia, etc.) y sin un umbral de referencia, no es posible hacer una evaluación precisa.

Sin embargo, si asumimos que estos valores son porcentajes de carga y que un valor cercano a 1 indica una carga completa o máxima, podemos hacer algunas observaciones generales:

- Valores como 0.912802, 0.95607159, y 0.94895242 están muy cerca de 1, lo que podría indicar que esos UPFs están operando cerca de su capacidad máxima. Esto podría ser una señal de alerta si no hay margen para manejar picos de carga adicionales.
- Valores como 0.34659035, 0.85008972, y 0.84249787 están más alejados de 1, sugiriendo que hay más capacidad disponible en esos UPFs.

En general, si el criterio es mantener las cargas por debajo de un cierto umbral (por ejemplo, 0.8 o 80%), entonces los primeros tres valores podrían considerarse ""NOT OK"" debido a su proximidad al límite máximo, mientras que los últimos tres podrían ser ""OK"". Sin embargo, esta evaluación es especulativa sin un umbral específico proporcionado.

Para una evaluación precisa, se necesita más información sobre el contexto y los criterios de aceptación específicos para la distribución de cargas de los UPFs.","
{
  ""operation"": ""AsSessionWithQoS"",
  ""UPFs"": [
    {
      ""name"": ""UPF_1"",
      ""ip"": ""UPF_1_IP"",
      ""bandwidth"": ""273.84059999""
    },
    {
      ""name"": ""UPF_2"",
      ""ip"": ""UPF_2_IP"",
      ""bandwidth"": ""286.82147706""
    },
    {
      ""name"": ""UPF_3"",
      ""ip"": ""UPF_3_IP"",
      ""bandwidth"": ""132.85333907""
    },
    {
      ""name"": ""UPF_4"",
      ""ip"": ""UPF_4_IP"",
      ""bandwidth"": ""24.26132462""
    },
    {
      ""name"": ""UPF_5"",
      ""ip"": ""UPF_5_IP"",
      ""bandwidth"": ""119.01256057""
    },
    {
      ""name"": ""UPF_6"",
      ""ip"": ""UPF_6_IP"",
      ""bandwidth"": ""252.74936228""
    }
  ]
}
"
